AnnoMese;PUN F1(€/KWh);PUN F2(€/KWh);PUN F3(€/KWh)
202411;0.145590;0.137380;0.117130
202412;0.158470;0.145930;0.115810
202501;0.158320;0.151610;0.128540
202502;0.157640;0.158950;0.139910
202503;0.121680;0.134860;0.111650
202504;0.095840;0.115080;0.095050
202505;0.089090;0.110640;0.087110
202506;0.113060;0.126760;0.103630
202507;0.108960;0.127100;0.108490
202508;0.105580;0.117970;0.106040
202509;0.109590;0.120930;0.101880
202510;0.117830;0.121660;0.099480